Manning's n,Overbank flow coefficient,Overbank flow power-law exponent,Q at Stage = 0 [m^3/s],Bank height [m],SD: Manning's n,SD: Overbank flow coefficient,SD: Overbank flow power-law exponent,SD: Q at Stage = 0 [m^3/s],SD: Bank height [m],Fit RMSE [m^3/s]
0.020133107285798188,112.23079681009516,1.7747626016388662,-24.149896101654164,5.878101536104483,4.780479063595536e-15,122531.5933446133,5.024304486578229e-05,25.134125181768255,0.00022550494670853206,44.945685182613566
